title,slug,category,kind,description,website,apply_link,latest_update,updated,tags,popular,quick,Conducting Body,Official Notification,Registration Start,Last Date,Correction Window,Admit Card,Exam Date,Answer Key,Result,Counselling,Eligibility,Age Limit,Application Fee,Exam Pattern,Syllabus,Previous Papers,Required Documents,Processing Time,Helpline,Purpose,Admission Portal,Result Portal,Exam Portal,Academic Calendar,Contact,Result Link,Time Table,Sample Papers,Job Categories,Notification,Scholarship Amount
NEET UG Result,neet-ug-result,Entrance Exams,Exam,Official NTA NEET UG 2026 result and score-card portal,https://neet.nta.nic.in/,https://neet.ntaonline.in/,"As of 21 September 2026, the NEET UG 2026 score card/result and final answer-key updates are available on the official NTA portal.",2026-09-21,,yes,yes,National Testing Agency (NTA),https://neet.nta.nic.in/2026/,08 February 2026,11 March 2026,12 March 2026 to 14 March 2026,Available through the official NEET portal,03 May 2026; re-examination for eligible candidates on 21 June 2026,https://neet.nta.nic.in/public-notices/,https://neet.nta.nic.in/score-card-for-neet-ug-2026/,Counselling is handled by the respective counselling authorities after result declaration.,"10+2 / equivalent passed or appearing with Physics, Chemistry, Biology/Biotechnology and English, subject to the official NEET UG 2026 eligibility rules.",Minimum age 17 years by 31 December 2026; no upper age limit.,As prescribed in the NEET UG 2026 Information Bulletin; category-wise fee applies.,"Pen-and-paper (OMR) examination; 200 questions are provided and 180 are to be attempted, for 720 marks.",https://neet.nta.nic.in/2026/,https://nta.ac.in/Downloads,,,,,,,,,,,,,,,
JEE Main,jee-main,Entrance Exams,Exam,Official NTA JEE Main portal and latest 2027 schedule notices,https://jeemain.nta.nic.in/,,NTA has announced the 2026–27 examination calendar. JEE Main 2027 Session 1 is scheduled for 22–30 January 2027; detailed registration dates and the full notification are to be issued separately.,2026-09-21,,,,National Testing Agency (NTA),,Detailed application notification: To be announced by NTA,To be announced,To be announced,To be announced,Session 1: 22–30 January 2027 (as per NTA exam calendar; detailed schedule subject to notification),,To be announced,JoSAA/CSAB after the JEE Main 2027 process,Candidates should follow the JEE Main 2027 information bulletin and the applicable year-of-passing criteria.,"No age limit, subject to the official eligibility conditions.",To be announced in the JEE Main 2027 Information Bulletin.,"Computer Based Test (CBT); Paper 1 for B.E./B.Tech. covers Mathematics, Physics and Chemistry.",https://jeemain.nta.nic.in/,https://jeemain.nta.nic.in/,,,,,,,,,,,,,,,
CUET UG,cuet-ug,Entrance Exams,Exam,"Official CUET UG 2026 score-card, result and notices",https://cuet.nta.nic.in/,,CUET UG 2026 result/NTA scores and score-card access are available. NTA has also published the final answer keys.,2026-09-21,,yes,yes,National Testing Agency (NTA),https://cuet.nta.nic.in/documents/,01 January 2026,30 January 2026,As per NTA notices,https://cuet.nta.nic.in/,May–June 2026,https://cuet.nta.nic.in/final-answer-keys-for-cuetug-2026/,https://cuet.nta.nic.in/score-card-for-cuetug-2026/,University-wise admission/counselling after CUET score declaration.,"Class 12 passed/appearing candidates, subject to the eligibility rules of the participating university/programme.",No general age limit; participating university/programme rules may apply.,As prescribed in the CUET UG 2026 Information Bulletin.,Computer Based Test (CBT); subjects and question pattern depend on the subjects selected.,https://cuet.nta.nic.in/,https://cuet.nta.nic.in/documents/,,,,,,,,,,,,,,,
GATE 2027,gate,Entrance Exams,Exam,Indian Institute of Technology Madras (IIT Madras),https://gate2027.iitm.ac.in/,,"Registration is live. On 19 September 2026, GATE 2027 advised candidates not to delete the DigiLocker account used for application. Regular registration closes 27 September 2026; extended registration closes 05 October 2026.",2026-09-21,,,,Indian Institute of Technology Madras (IIT Madras),https://gate2027.iitm.ac.in/notifications,02 September 2026,27 September 2026 (regular); 05 October 2026 (extended with late fee),14 October 2026 to 21 October 2026,04 January 2027 (city allotment notification); admit-card download date to be announced,"06–07, 13–14 and 20–21 February 2027",To be announced,19 March 2027,Institute/PSU recruitment processes are separate and depend on the organization.,"Candidates currently studying in 3rd year or higher of an eligible undergraduate degree, or candidates who have completed an eligible government-approved degree, subject to the GATE 2027 brochure.",No age limit.,Per paper: category-wise fee as prescribed by GATE 2027; see the official application portal for the current fee.,"Computer Based Test (CBT), 3 hours, 100 marks; MCQ, MSQ and NAT question types.",https://gate2027.iitm.ac.in/exam_papers_and_syllabus,https://gate2027.iitm.ac.in/download,,,,,,,,,,,,,,,
CAT 2026,cat,Entrance Exams,Exam,Indian Institutes of Management (IIMs),https://iimcat.ac.in/,,CAT 2026 registration has been extended to 22 September 2026. The examination is scheduled for 29 November 2026 and the admit card is scheduled for 04 November 2026.,2026-09-21,,,,Indian Institutes of Management (IIMs),https://iimcat.ac.in/,03 August 2026,"22 September 2026, 5:00 PM",As announced by the CAT 2026 authorities,04 November 2026,29 November 2026,To be announced,Expected in December 2026,Admission processes are conducted separately by participating institutes.,"Bachelor's degree with at least 50% marks or equivalent CGPA (45% for SC/ST/PwD candidates), or final-year graduation status, subject to the CAT 2026 notification.",No age limit.,As prescribed in the CAT 2026 official notification.,"Computer Based Test in three sections: VARC, DILR and QA.",https://iimcat.ac.in/,https://iimcat.ac.in/,,,,,,,,,,,,,,,
CLAT 2027,clat,Entrance Exams,Exam,Consortium of National Law Universities (NLUs),https://clat2027.consortiumofnlus.ac.in/,,CLAT 2027 online enrolment is open from 03 August to 31 October 2026. The examination is scheduled for 06 December 2026.,2026-09-21,,,,Consortium of National Law Universities (NLUs),https://clat2027.consortiumofnlus.ac.in/clat-2027/ug-instructions.html,03 August 2026,"31 October 2026, 11:59 PM",Changes after submission are subject to the official CLAT 2027 instructions.,Date to be announced on the CLAT 2027 website,"06 December 2026, 2:00 PM–4:00 PM",To be announced,To be announced,December 2026 / January 2027,UG: 10+2 or equivalent as specified in the CLAT 2027 eligibility rules. Candidates appearing in the qualifying examination may apply subject to the admission requirements.,No upper age limit for CLAT UG.,"₹4,000 for General/OBC; ₹3,500 for SC/ST/BPL/PwD candidates.",Offline examination; refer to the official CLAT 2027 question-paper format for the current section-wise pattern.,https://clat2027.consortiumofnlus.ac.in/,https://consortiumofnlus.ac.in/,,,,,,,,,,,,,,,
NDA & NA Examination (II) 2026,nda,Defence,Exam,Union Public Service Commission (UPSC),https://www.upsc.gov.in/examinations/National%20Defence%20Academy%20and%20Naval%20Academy%20Examination%20%28II%29%2C%202026,https://upsconline.nic.in/,NDA & NA II 2026 was held on 13 September 2026. The e-Admit Card had been released on 03 September 2026; result is awaited.,2026-09-21,,,,Union Public Service Commission (UPSC),https://www.upsc.gov.in/examinations/National%20Defence%20Academy%20and%20Naval%20Academy%20Examination%20%28II%29%2C%202026,20 May 2026,"11 June 2026, 6:00 PM",As per UPSC notice,Released 03 September 2026,13 September 2026,To be announced,To be announced,SSB selection process after written-result qualification.,"12th pass/appearing. Physics, Chemistry and Mathematics are required for Air Force/Naval Wings and the 10+2 Naval Academy entry, subject to the notification.",Date-of-birth and marital-status conditions are as specified in the official NDA II 2026 notification.,₹100; eligible female/SC/ST candidates and specified wards are exempt.,"Written examination: Mathematics 300 marks and GAT 600 marks, followed by SSB Test/Interview.",https://www.upsc.gov.in/examinations/National%20Defence%20Academy%20and%20Naval%20Academy%20Examination%20%28II%29%2C%202026,https://www.upsc.gov.in/examinations/previous-question-papers,,,,,,,,,,,,,,,
CDS II 2026,cds,Defence,Exam,Union Public Service Commission (UPSC),https://www.upsc.gov.in/examinations/Combined%20Defence%20Services%20Examination%20%28II%29%2C%202026,https://upsconline.nic.in/,CDS II 2026 was held on 13 September 2026. UPSC released the e-Admit Card on 03 September 2026; result is awaited.,2026-09-21,,,,Union Public Service Commission (UPSC),https://www.upsc.gov.in/examinations/Combined%20Defence%20Services%20Examination%20%28II%29%2C%202026,20 May 2026,"11 June 2026, 6:00 PM",As per UPSC notice,Released 03 September 2026,13 September 2026,To be announced,To be announced,SSB selection process after written-result qualification.,"Graduation for IMA/OTA; Engineering degree for INA; and specified degree/Physics & Mathematics conditions for AFA, as per the official notification.",Age and marital-status conditions vary by academy and are specified in the CDS II 2026 notification.,₹200; female and SC/ST candidates are exempt.,"IMA/INA/AFA: English, General Knowledge and Elementary Mathematics. OTA: English and General Knowledge. Written examination is followed by SSB.",https://www.upsc.gov.in/examinations/Combined%20Defence%20Services%20Examination%20%28II%29%2C%202026,https://www.upsc.gov.in/examinations/previous-question-papers,,,,,,,,,,,,,,,
AFCAT 02/2026,afcat,Defence,Exam,Indian Air Force (IAF),https://careerairforce.gov.in/,https://afcat.edcil.co.in/,AFCAT 02/2026 written examination was conducted on 08 August 2026 and the result was declared on 09 September 2026. Qualified candidates proceed to the AFSB stage.,2026-09-21,,,,Indian Air Force (IAF),https://www.careerairforce.gov.in/notification,20 May 2026,19 June 2026,As per AFCAT portal,Released before the August 2026 examination,08 August 2026,To be announced,Result declared 09 September 2026,AFSB selection after qualifying the written examination.,Graduation and branch-specific educational/age requirements as prescribed by the AFCAT 02/2026 notification.,Flying Branch and Ground Duty age criteria are as specified in the official notification.,₹550 + GST for AFCAT Entry; specified exempt entries do not pay the AFCAT examination fee.,"Online CBT, 2 hours, 100 questions, 300 marks; +3 for correct and -1 for incorrect answers.",https://www.careerairforce.gov.in/notification,https://careerairforce.gov.in/,,,,,,,,,,,,,,,
UGC NET June 2026,ugc-net,Entrance Exams,Exam,National Testing Agency (NTA),https://ugcnet.nta.nic.in/,,The UGC NET June 2026 score card is available. Final answer keys for the main examination and the September re-examination have been published; results for the re-exam subjects are also being published on the official portal.,2026-09-21,,,,National Testing Agency (NTA),https://ugcnet.nta.nic.in/documents/,29 April 2026,20 May 2026,23 May–25 May 2026,https://ugcnet.nta.nic.in/document-category/public-notices-2026/,"June 2026; re-examination for English, Commerce and Sociology on 09–10 September 2026",https://ugcnet.nta.nic.in/category/latest-news/,https://ugcnet.nta.nic.in/link/ugc-net-june-2026-score-card/,Not applicable as a centralized counselling process.,Master's degree/equivalent with the required percentage under the UGC NET rules; category-wise relaxation applies.,"JRF age limit and relaxations apply; no upper age limit for Assistant Professor/Ph.D.-only eligibility, subject to rules.",Category-wise fee as prescribed in the UGC NET June 2026 Information Bulletin.,"CBT, 3 hours, Paper I and Paper II; 150 questions and 300 marks in total; no negative marking.",https://www.ugcnetonline.in/syllabus-new.php,https://www.ugcnetonline.in/previous_question_papers.php,,,,,,,,,,,,,,,
CTET,ctet,Entrance Exams,Exam,Official CTET September 2026 portal and notices,https://ctet.nic.in/,,CTET September 2026 was scheduled for 13 September 2026. The correction window closed on 10 September 2026; result and answer-key updates are to be checked on the official CTET portal.,2026-09-21,,,,Central Board of Secondary Education (CBSE),https://ctet.nic.in/,2026 application window as notified by CBSE,As per the official CTET September 2026 notice,Last correction window closed 10 September 2026,https://ctet.nic.in/,13 September 2026,To be announced,To be announced,Not applicable; CTET is an eligibility test.,Paper I and Paper II eligibility depends on the prescribed teacher-education qualifications under CTET/NCTE rules.,No upper age limit.,Category and paper-wise fee as prescribed in the CTET September 2026 Information Bulletin.,OMR-based; each paper has 150 MCQs for 150 marks; no negative marking.,https://ctet.nic.in/,https://ctet.nic.in/archive/,,,,,,,,,,,,,,,
REET,reet,Entrance Exams,Exam,Official Rajasthan REET/RTET portal,https://rajeduboard.rajasthan.gov.in/,,"No new REET eligibility-test notification was identified on the official BSER REET page as of 21 September 2026. The latest completed cycle remains REET 2024, conducted in February 2025.",2026-09-21,,yes,yes,"Board of Secondary Education, Rajasthan (BSER/RBSE)",https://rajeduboard.rajasthan.gov.in/RTET-REET/RTET-REET.htm,,,,,Latest completed cycle: 27–28 February 2025,https://rajeduboard.rajasthan.gov.in/RTET-REET/RTET-REET.htm,Latest completed cycle result: 08 May 2025,REET itself is an eligibility test; recruitment/admission processes are separate.,Level-wise educational qualification as prescribed by NCTE and Rajasthan rules.,As prescribed for the applicable REET cycle.,Depends on the level(s) selected in the applicable notification.,OMR-based eligibility examination; Level 1 and Level 2 are separate papers.,https://rajeduboard.rajasthan.gov.in/RTET-REET/RTET-REET.htm,https://rajeduboard.rajasthan.gov.in/RTET-REET/RTET-REET.htm,,,,,,,,,,,,,,,
Rajasthan PTET 2026,ptet,Entrance Exams,Exam,"Vardhman Mahaveer Open University (VMOU), Kota",https://ptet.rajasthansarkar.in/,,PTET 2026 examination was held on 14 June 2026. Candidates should use the official PTET portal for the current result and counselling/college-allotment notices.,2026-09-21,,,,"Vardhman Mahaveer Open University (VMOU), Kota",https://ptet.rajasthansarkar.in/,20 February 2026,Extended application schedule as notified on the official portal,As notified on the official portal,https://ptet.rajasthansarkar.in/,14 June 2026,https://ptet.rajasthansarkar.in/,https://ptet.rajasthansarkar.in/,https://ptet.rajasthansarkar.in/,"For the 2-year B.Ed route, graduation/postgraduation eligibility is governed by the PTET 2026 rules.",As prescribed in the PTET 2026 guidelines.,₹500,"OMR-based, 200 questions, 600 marks, 3 hours; Mental Ability, Teaching Attitude & Aptitude, General Awareness and Language Proficiency.",https://ptet.rajasthansarkar.in/,https://ptet.rajasthansarkar.in/,,,,,,,,,,,,,,,
Aadhaar,aadhaar,Government Services,Service,Official UIDAI Aadhaar portal and services,https://uidai.gov.in/,https://myaadhaar.uidai.gov.in/,UIDAI has announced that charges for email-address update through the Aadhaar mobile application are waived until 31 December 2026. Check UIDAI announcements for current service rules.,2026-09-21,,yes,yes,,,,,,,,,,,,,,,,,Identity/address documents as applicable to the requested Aadhaar service.,Varies by service.,1947,,,,,,,,,,,,
UIDAI,uidai,Official Websites,Website,Unique Identification Authority of India — official Aadhaar authority website.,https://uidai.gov.in/,,Official UIDAI announcements and Aadhaar service advisories are available on the UIDAI portal.,2026-09-21,,,,,,,,,,,,,,,,,,,,,,,"Aadhaar enrolment/update information, authentication services, downloads, regulations and citizen services.",,,,,,,,,,,
MBM University,mbm-university,Universities,University,Official MBM University website and admission portal,https://mbm.ac.in/,,"Latest MBM University newsroom updates include admission notices, vacant-seat/direct-admission updates and postgraduate/doctoral admission notices published in September 2026.",2026-09-21,,,,,,,,,,,,,,,,,,,,,,,,https://admissions.mbm.ac.in/,https://mbm.ac.in/,https://mbm.ac.in/,https://mbm.ac.in/,https://mbm.ac.in/,,,,,,
Central Board of Secondary Education (CBSE),cbse,Board Results,Board,,https://www.cbse.gov.in/,,CBSE 2026 Class X result was announced on 15 April 2026 and Class XII result on 13 May 2026. Use the official CBSE and results portals for current notices.,2026-09-21,,,,,,,,,https://www.cbse.gov.in/,,,,,,,,,https://www.cbse.gov.in/,,,,,,,,,,,https://results.cbse.nic.in/,https://www.cbse.gov.in/,https://www.cbse.gov.in/,,,
LinkedIn Jobs,linkedin-jobs,Private Jobs,Job Portal,Official LinkedIn job and internship search platform.,https://www.linkedin.com/jobs/,,LinkedIn Jobs is currently active for job and internship searches; listings change continuously.,2026-09-21,,,,,,,,,,,,,,,,,,,,,,,,,,,,,,,,"Engineering, IT, software, business development, finance, sales, marketing, HR, healthcare and other sectors.",,
National Scholarship Portal (NSP) 2026-27,nsp,Scholarships,Scholarship,Government of India scholarship application and tracking portal.,https://scholarships.gov.in/,https://scholarships.gov.in/Students,NSP is open for Academic Year 2026-27. One Time Registration (OTR) is required. The official portal currently lists multiple schemes with student-application deadlines extending into September/October 2026.,2026-09-21,,,,,,01 June 2026 for the Academic Year 2026-27 portal opening,Scheme-specific; many schemes currently show 31 October 2026 as the student-application deadline.,,,,,,,Depends on the selected scholarship scheme.,,,,,,,,,,,,,,,,,,,https://scholarships.gov.in/All-Scholarships,Scheme-specific.
Rajasthan SSO,rajasthan-sso,Government Services,Service,Official Rajasthan Single Sign-On portal,https://sso.rajasthan.gov.in/signin,,Use the official SSO portal for the current login and service availability.,2026-09-21,,yes,yes,,,,,,,,,,,,,,,,,Depends on the selected government service.,,,,,,,,,,,,,,
eMitra Rajasthan,emitra-rajasthan,Government Services,Service,Official Rajasthan eMitra service portal,https://emitra.rajasthan.gov.in/,,Use the official eMitra portal for current service links and application requirements.,2026-09-21,,yes,yes,,,,,,,,,,,,,,,,,Depends on the selected eMitra service.,,,,,,,,,,,,,,
Jan Aadhaar,jan-aadhaar,Government Services,Service,Official Rajasthan Jan Aadhaar portal,https://janaadhaar.rajasthan.gov.in/,,Use the official Jan Aadhaar portal for current enrolment and update services.,2026-09-21,,yes,yes,,,,,,,,,,,,,,,,,Depends on the requested Jan Aadhaar service.,,,,,,,,,,,,,,
Passport Seva,passport-seva,Government Services,Service,Official Government of India Passport Seva portal,https://www.passportindia.gov.in/,,"Use Passport Seva for current application, appointment and passport-status services.",2026-09-21,,yes,yes,,,,,,,,,,,,,,,,,Identity/address and other documents depend on the passport service.,,,,,,,,,,,,,,
DigiLocker,digilocker,Government Services,Service,Official DigiLocker document wallet and services,https://www.digilocker.gov.in/,,DigiLocker remains the official digital-document platform; service availability depends on the issuer.,2026-09-21,,yes,yes,,,,,,,,,,,,,,,,,Aadhaar/mobile details may be required for account and service-specific verification.,,,,,,,,,,,,,,
RPSC,rpsc,Government Jobs,Website,Official Rajasthan Public Service Commission portal,https://rpsc.rajasthan.gov.in/,,"Check the official RPSC portal for the latest advertisements, examination schedules and results.",2026-09-21,,yes,yes,,,,,,,,,,,,,,,,,,,,"Recruitment notifications, applications, admit cards, results and examination information.",,,,,,,,,,,
RSSB,rssb,Government Jobs,Website,Official Rajasthan Staff Selection Board portal,https://rssb.rajasthan.gov.in/,,Check the official RSSB portal for current recruitment notifications and candidate services.,2026-09-21,,,,,,,,,,,,,,,,,,,,,,,"Recruitment advertisements, applications, admit cards, answer keys and results.",,,,,,,,,,,
SSC,ssc,Government Jobs,Website,Official Staff Selection Commission portal,https://ssc.gov.in/,,Check the official SSC portal for current recruitment calendars and notices.,2026-09-21,,yes,,,,,,,,,,,,,,,,,,,,,"SSC recruitment notifications, applications, admit cards, answer keys and results.",,,,,,,,,,,
UPSC,upsc,Government Jobs,Website,Official Union Public Service Commission portal,https://www.upsc.gov.in/,,"Check UPSC's official examination pages for current notifications, schedules and results.",2026-09-21,,yes,,,,,,,,,,,,,,,,,,,,,"Examination notifications, applications, admit cards, results and recruitment information.",,,,,,,,,,,
Railway Recruitment,railway-recruitment,Railway Jobs,Website,Official Indian Railways / RRB recruitment resources,https://indianrailways.gov.in/,,Railway recruitment notices are issued by the relevant RRB; candidates should verify the regional RRB notice before applying.,2026-09-21,,,,,,,,,,,,,,,,,,,,,,,"Railway recruitment information, RRB notices and official railway services.",,,,,,,,,,,
PAN Card,pan-card,Government Services,Service,Official Income Tax PAN and e-filing services,https://www.incometax.gov.in/iec/foportal/,,Use the Income Tax Department portal and the authorized PAN service providers linked by the government.,2026-09-21,,,yes,,,,,,,,,,,,,,,,,PAN application/update requirements depend on the selected service.,,,,,,,,,,,,,,
Driving Licence,driving-licence,Government Services,Service,Official Parivahan driving licence services,https://parivahan.gov.in/,,"Use the official Parivahan portal for current licence application, renewal and appointment services.",2026-09-21,,,yes,,,,,,,,,,,,,,,,,"Age, address, identity and vehicle/learner-licence documents vary by service.",,,,,,,,,,,,,,
Voter ID,voter-id,Government Services,Service,Official Election Commission voter services portal,https://voters.eci.gov.in/,,Use the official ECI Voters' Services Portal for current voter registration and correction services.,2026-09-21,,,,,,,,,,,,,,,,,,,,"Documents depend on the registration, correction or other voter service requested.",,,,,,,,,,,,,,
JNVU,jnvu,Universities,University,Official Jai Narain Vyas University website,https://www.jnvu.edu.in/,,"Use the official JNVU website for current admissions, examinations, results and notices.",2026-09-21,,,,,,,,,,,,,,,,,,,,,,,,https://www.jnvu.edu.in/,https://www.jnvu.edu.in/,https://www.jnvu.edu.in/,https://www.jnvu.edu.in/,https://www.jnvu.edu.in/,,,,,,
Rajasthan University,rajasthan-university,Universities,University,Official University of Rajasthan website,https://www.uniraj.ac.in/,,"Use the official University of Rajasthan website for current admissions, examination and result notices.",2026-09-21,,,,,,,,,,,,,,,,,,,,,,,,https://www.uniraj.ac.in/,https://www.uniraj.ac.in/,https://www.uniraj.ac.in/,https://www.uniraj.ac.in/,https://www.uniraj.ac.in/,,,,,,
RBSE 10th Result,rbse-10th-result,Board Results,Board,Official Rajasthan Board result and student resources,https://rajeduboard.rajasthan.gov.in/,,"Use the official RBSE portal for the latest result, timetable, syllabus and examination notices.",2026-09-21,,,,,,,,,https://rajeduboard.rajasthan.gov.in/,,,,,,,,,https://rajeduboard.rajasthan.gov.in/,,,,,,,,,,,https://rajeduboard.rajasthan.gov.in/,https://rajeduboard.rajasthan.gov.in/,https://rajeduboard.rajasthan.gov.in/,,,
RBSE 12th Result,rbse-12th-result,Board Results,Board,Official Rajasthan Board result and student resources,https://rajeduboard.rajasthan.gov.in/,,"Use the official RBSE portal for the latest result, timetable, syllabus and examination notices.",2026-09-21,,,,,,,,,https://rajeduboard.rajasthan.gov.in/,,,,,,,,,https://rajeduboard.rajasthan.gov.in/,,,,,,,,,,,https://rajeduboard.rajasthan.gov.in/,https://rajeduboard.rajasthan.gov.in/,https://rajeduboard.rajasthan.gov.in/,,,
IBPS,ibps,Banking Exams,Website,"Institute of Banking Personnel Selection - PO, Clerk, SO and RRB recruitment exams.",https://www.ibps.in/,,,,"bank, po, clerk, rrb",,,,,,,,,,,,,,,,,,,,,,,,,,,,,,,,,
SBI Careers,sbi-careers,Banking Exams,Website,"State Bank of India recruitment notices, applications and results.",https://sbi.co.in/web/careers,,,,"sbi, bank, po, clerk",,,,,,,,,,,,,,,,,,,,,,,,,,,,,,,,,
RBI,rbi,Banking Exams,Website,"Reserve Bank of India - official website, recruitment and notifications.",https://www.rbi.org.in/,,,,"rbi, bank, grade b",,,,,,,,,,,,,,,,,,,,,,,,,,,,,,,,,
NTA,nta,Education,Website,"National Testing Agency - JEE Main, NEET, CUET, UGC NET and other exams.",https://nta.ac.in/,,,,"exam, jee, neet, cuet",,,,,,,,,,,,,,,,,,,,,,,,,,,,,,,,,
NCERT,ncert,Education,Website,"Official NCERT textbooks, syllabus and study material.",https://ncert.nic.in/,,,,"books, textbook, syllabus",,,,,,,,,,,,,,,,,,,,,,,,,,,,,,,,,
AICTE,aicte,Education,Website,All India Council for Technical Education - approved institutions and schemes.,https://www.aicte-india.org/,,,,"engineering, technical",,,,,,,,,,,,,,,,,,,,,,,,,,,,,,,,,
UGC,ugc,Education,Website,"University Grants Commission - universities, regulations and scholarships.",https://www.ugc.gov.in/,,,,"university, net",,,,,,,,,,,,,,,,,,,,,,,,,,,,,,,,,
MyGov,mygov,Official Websites,Website,Government of India citizen engagement platform.,https://www.mygov.in/,,,,"government, citizen",,,,,,,,,,,,,,,,,,,,,,,,,,,,,,,,,
National Portal of India,india-gov,Official Websites,Website,Official gateway to Government of India services and information.,https://www.india.gov.in/,,,,"government, portal",,,,,,,,,,,,,,,,,,,,,,,,,,,,,,,,,
Employment News,employment-news,Official Websites,Website,Weekly government job and career notices.,https://www.employmentnews.gov.in/,,,,"jobs, government",,,,,,,,,,,,,,,,,,,,,,,,,,,,,,,,,
